messages,oro.zendesk.ticketcomment.ticket.description,Một vé Zendesk nhận xét được đưa ra.,A  Zendesk ticket that the comment was made on.,0
messages,oro.zendesk.ticketcomment.ticket.label,Vé,Ticket,0
messages,oro.zendesk.ticketpriority.entity_description,Ưu tiên vé Zendesk giúp xác định thứ tự mà vé Zendesk phải được quản lý.,A Zendesk ticket priority helps determine the order in which Zendesk tickets must be managed.,0
messages,oro.zendesk.ticketpriority.entity_label,Ưu tiên vé,Ticket Priority,0
messages,oro.zendesk.ticketpriority.entity_plural_label,Ưu tiên vé,Ticket Priorities,0
messages,oro.zendesk.ticketpriority.label.description,"Nhãn của ưu tiên vé Zendesk ('Khẩn cấp', 'Cao', 'Bình thường' hoặc 'Thấp').","The label of a Zendesk ticket priority ('Urgent,' 'High,' 'Normal,' or 'Low').",0
messages,oro.zendesk.ticketpriority.label.label,Nhãn,Label,0
messages,oro.zendesk.ticketpriority.name.label,Tên,Name,0
messages,oro.zendesk.ticketstatus.entity_description,Giai đoạn làm việc trên một vé Zendesk.,The phase of work on a Zendesk ticket.,0
messages,oro.zendesk.ticketstatus.entity_label,Trạng thái vé,Ticket Status,0
messages,oro.zendesk.ticketstatus.entity_plural_label,Trạng thái vé,Ticket Statuses,0
messages,oro.zendesk.ticketstatus.label.description,"Nhãn của trạng thái vé Zendesk ('Mới', 'Mở', 'Giữ', 'Đang chờ xử lý', 'Đã giải quyết' hoặc 'Đã đóng').","The label of a Zendesk ticket status ('New,' 'Open,' 'Hold,' 'Pending,' 'Solved,' or 'Closed').",0
messages,oro.zendesk.ticketstatus.label.label,Nhãn,Label,0
messages,oro.zendesk.ticketstatus.name.label,Tên,Name,0
messages,oro.zendesk.tickettype.entity_description,Một loại vé Zendesk giúp xác định loại công việc mà vé Zendesk yêu cầu.,A Zendesk ticket type helps determine what kind of work the Zendesk ticket requires.,0
messages,oro.zendesk.tickettype.entity_label,loại vé,Ticket Type,0
messages,oro.zendesk.tickettype.entity_plural_label,Loại vé,Ticket Types,0
messages,oro.zendesk.tickettype.label.description,"Nhãn của loại vé Zendesk ('Sự cố', 'Sự cố', 'Câu hỏi' hoặc 'Tác vụ').","The label of a Zendesk ticket type ('Incident,' 'Problem,' 'Question,' or 'Task').",0
messages,oro.zendesk.tickettype.label.label,Nhãn,Label,0
messages,oro.zendesk.tickettype.name.label,Tên,Name,0
messages,oro.zendesk.transport.rest.label,API REST Zendesk v2,Zendesk REST API v2,0
messages,oro.zendesk.user.active.description,Cho dù người dùng đang hoạt động hay đã bị xóa.,Whether the user is active or has been deleted.,0
messages,oro.zendesk.user.active.label,Hoạt động,Active,0
messages,oro.zendesk.user.alias.description,Tên người dùng Zendesk hiển thị cho người dùng cuối.,A Zendesk user name visible to end-users.,0
messages,oro.zendesk.user.alias.label,Bí danh,Alias,0
messages,oro.zendesk.user.channel.description,Việc tích hợp thông qua đó thông tin về người dùng Zendesk được nhận.,The integration via which information about a Zendesk user is received.,0
messages,oro.zendesk.user.channel.label,Hội nhập,Integration,0
messages,oro.zendesk.user.details.description,Thông tin bổ sung quan trọng nhất về người dùng Zendesk.,The most important additional information about a Zendesk user.,0
messages,oro.zendesk.user.details.label,Chi tiết,Details,0
messages,oro.zendesk.user.email.description,Email chính được chỉ định cho người dùng Zendesk.,A primary email specified for a Zendesk user.,0
messages,oro.zendesk.user.email.label,E-mail,Email,0
messages,oro.zendesk.user.entity_description,"Những người có thể tạo vé tại Zendesk, quản lý những vé này hoặc chính Zendesk.","People who can create tickets in Zendesk, manage these tickets or Zendesk itself.",0
messages,oro.zendesk.user.entity_label,Người dùng Zendesk,Zendesk User,0
messages,oro.zendesk.user.entity_plural_label,Người dùng Zendesk,Zendesk Users,0
messages,oro.zendesk.user.external_id.description,ID người dùng Zendesk được chỉ định thủ công trên phía Zendesk khi được yêu cầu.,The Zendesk user ID manually specified on the Zendesk side when required.,0
messages,oro.zendesk.user.external_id.label,ID bên ngoài,External id,0
messages,oro.zendesk.user.id.label,ID,Id,0
messages,oro.zendesk.user.last_login_at.description,Ngày và giờ khi người dùng Zendesk đăng nhập lần cuối vào Zendesk.,The date and time when a Zendesk user last logged into Zendesk.,0
messages,oro.zendesk.user.last_login_at.label,Đăng nhập lần cuối lúc,Last login at,0
messages,oro.zendesk.user.locale.description,Xác định ngôn ngữ và khu vực của người dùng Zendesk.,Defines a Zendesk user's language and region.,0
messages,oro.zendesk.user.locale.label,Ngôn ngữ,Locale,0
messages,oro.zendesk.user.name.description,Tên người dùng Zendesk.,A Zendesk user name.,0
messages,oro.zendesk.user.name.label,Tên,Name,0
messages,oro.zendesk.user.notes.description,"Nhận xét, thông tin bổ sung về người dùng Zendesk.","Remarks, additional information about a Zendesk user.",0
messages,oro.zendesk.user.notes.label,Ghi chú,Notes,0
messages,oro.zendesk.user.only_private_comments.description,Xác định liệu người dùng Zendesk có thể chỉ tạo các nhận xét riêng tư hay không.,Defines whether a Zendesk user can create only private comments.,0
messages,oro.zendesk.user.only_private_comments.label,Chỉ nhận xét riêng tư,Only private comments,0
messages,oro.zendesk.user.origin_created_at.description,Ngày và thời gian khi người dùng Zendesk được tạo ra ở phía Zendesk.,The date and time when a Zendesk user was created on the Zendesk side.,0
messages,oro.zendesk.user.origin_created_at.label,Được tạo lúc ban đầu,Original Created At,0
messages,oro.zendesk.user.origin_id.description,ID người dùng Zendesk tự động được gán ở phía Zendesk khi tạo người dùng.,The Zendesk user ID automatically assigned on the Zendesk side on user creation.,0
messages,oro.zendesk.user.origin_id.label,Số người dùng,User Number,0
messages,oro.zendesk.user.origin_updated_at.description,Ngày và giờ khi người dùng Zendesk được cập nhật lần cuối ở phía Zendesk.,The date and time when a Zendesk user was last updated on the Zendesk side.,0
messages,oro.zendesk.user.origin_updated_at.label,Cập nhật ban đầu tại,Original Updated At,0
messages,oro.zendesk.user.phone.description,Điện thoại chính được chỉ định cho người dùng Zendesk.,A primary phone specified for a Zendesk user.,0
messages,oro.zendesk.user.phone.label,Điện thoại,Phone,0
messages,oro.zendesk.user.related_contact.description,Một liên hệ Oro được liên kết với người dùng Zendesk. Liên hệ liên quan xuất hiện khi vé được gửi đến Zendesk từ phía khách hàng.,An Oro contact that is associated with a Zendesk user. Related contact appears when the ticket is submitted to Zendesk from a customer side.,0
messages,oro.zendesk.user.related_contact.label,Tiếp xúc,Contact,0
messages,oro.zendesk.user.related_user.description,Người dùng Oro được liên kết với người dùng Zendesk. Người dùng có liên quan xuất hiện khi vé được gửi tới Zendesk bởi người dùng Oro.,An Oro user that is associated with a Zendesk user. Related user appears when the ticket is submitted to Zendesk by an Oro user.,0
messages,oro.zendesk.user.related_user.label,Người dùng,User,0
messages,oro.zendesk.user.role.description,Vai trò Zendesk được chỉ định cho người dùng Zendesk.,A Zendesk role specified for a Zendesk user.,0
messages,oro.zendesk.user.role.label,Vai trò,Role,0
messages,oro.zendesk.user.ticket_restriction.description,Xác định vé mà người dùng Zendesk có quyền truy cập.,Defines which tickets a Zendesk user has access to.,0
messages,oro.zendesk.user.ticket_restriction.label,Hạn chế vé,Ticket restriction,0
messages,oro.zendesk.user.time_zone.description,"Múi giờ được chỉ định cho người dùng Zendesk. Định dạng này là đặc thù của Zendesk, nhưng có thể được ánh xạ tới các tên cơ sở dữ liệu tz.","A timezone specified for a Zendesk user. The format is Zendesk-specific, but can be mapped to tz database names.",0
messages,oro.zendesk.user.time_zone.label,Múi giờ,Time-zone,0
messages,oro.zendesk.user.url.description,Url API của người dùng Zendesk.,A Zendesk user's API url.,0
messages,oro.zendesk.user.url.label,Url,Url,0
messages,oro.zendesk.user.verified.description,Liệu danh tính của người dùng Zendesk đã được xác minh chưa.,Whether a Zendesk user's identity has been verified.,0
messages,oro.zendesk.user.verified.label,Đã xác minh,Verified,0
messages,oro.zendesk.userrole.entity_description,Một vai trò người dùng Zendesk xác định quyền cho người dùng Zendesk để thực hiện các hoạt động nhất định.,A Zendesk user role defines permissions for Zendesk users to perform certain activities.,0
messages,oro.zendesk.userrole.entity_label,Vai trò người dùng Zendesk,Zendesk User Role,0
messages,oro.zendesk.userrole.entity_plural_label,Vai trò người dùng Zendesk,Zendesk User Roles,0
messages,oro.zendesk.userrole.label.description,"Nhãn của vai trò người dùng Zendesk ('Quản trị viên', 'Đại lý' hoặc 'Người dùng cuối'). Quản trị viên là thành viên của nhân viên hỗ trợ có quyền quản lý Zendesk của bạn, đại lý là nhân viên hỗ trợ thường xuyên, người dùng cuối là người tiêu dùng sản phẩm tạo vé.","The label of a Zendesk user role ('Admin,' 'Agent,' or 'End-user'). An admin is a member of support staff who has permissions to manage your Zendesk, agents are regular support staff, end-users are product consumers who generate tickets.",0
messages,oro.zendesk.userrole.label.label,Nhãn,Label,0
messages,oro.zendesk.userrole.name.label,Tên,Name,0
messages,oro.zendesk.zendeskresttransport.channel.label,Kênh,Channel,0
messages,oro.zendesk.zendeskresttransport.email.label,Email API,API Email,0
messages,oro.zendesk.zendeskresttransport.entity_label,Tích hợp Zendesk,Zendesk Integration,0
messages,oro.zendesk.zendeskresttransport.entity_plural_label,Tích hợp Zendesk,Zendesk Integrations,0
messages,oro.zendesk.zendeskresttransport.id.label,ID,Id,0
messages,oro.zendesk.zendeskresttransport.token.label,Mã thông báo API,API Token,0
messages,oro.zendesk.zendeskresttransport.url.label,URL,URL,0
messages,oro.zendesk.zendeskresttransport.zendesk_user_email.label,Email người dùng Zendesk mặc định,Default Zendesk user email,0
messages,oro_datagrid.label_add_filter,Quản lý bộ lọc,Manage filters,0
messages,oro_datagrid.label_loading_mask,Tải . . .,Loading . . .,0
messages,oro_datagrid.label_reset_button,Đặt lại bộ lọc,Reset Filter,0
messages,oro_datagrid.no_data_hint %entityHint%,Không có% entityHint% nào tồn tại.,No %entityHint% exists.,0
messages,oro_datagrid.not_found_hint %entityHint%,Không tìm thấy% entityHint% nào phù hợp với tìm kiếm của bạn. Thử sửa đổi tiêu chí tìm kiếm của bạn ...,No %entityHint% were found to match your search. Try modifying your search criteria ...,0
messages,Password,Mật khẩu,Password,0
messages,Password Reset,Đặt lại mật khẩu,Password Reset,0
messages,Please select,Xin hãy lựa chọn,Please select,0
messages,Popup window,Cửa sổ bật lên,Popup window,0
messages,Position,Chức vụ,Position,0
messages,Refresh,Làm tươi,Refresh,0
messages,Remember me on this computer,Hãy nhớ tôi trên máy tính này,Remember me on this computer,0
messages,Remove address,Xóa địa chỉ,Remove address,0
messages,Report deleted,Đã xóa báo cáo,Report deleted,0
messages,Report saved,Đã lưu báo cáo,Report saved,0
messages,Request,Yêu cầu,Request,0
messages,Required,Cần thiết,Required,0
messages,Requires update,Yêu cầu cập nhật,Requires update,0
messages,Reset,Cài lại,Reset,0
messages,Reset password,Đặt lại mật khẩu,Reset password,0
messages,Reset workflow data,Đặt lại dữ liệu luồng công việc,Reset workflow data,0
messages,resetting.flash.success,Mật khẩu đã được đặt lại thành công,The password has been successfully reset,0
messages,Restored,Yêu cầu cập nhật,Requires update,0
messages,Return to Login,Trở về trang đăng nhập,Return to Login,0
messages,Save,Tiết kiệm,Save,0
messages,Save and Close,Lưu và đóng,Save and Close,0
messages,Save and New,Lưu và mới,Save and New,0
messages,Saving...,Tiết kiệm...,Saving...,0
messages,Search,Tìm kiếm,Search,0
messages,Search results,Kết quả tìm kiếm,Search results,0
messages,Send,Gửi,Send,0
messages,Send email,Gửi email,Send email,0
messages,Sent,Gởi,Sent,0
messages,Separate page,Trang riêng,Separate page,0
messages,Show less,Hiện ít hơn,Show less,0
messages,Show more,Cho xem nhiều hơn,Show more,0
messages,Show Transition Labels,Hiển thị nhãn chuyển tiếp,Show Transition Labels,0
messages,Start,Khởi đầu,Start,0
messages,Start Date,Ngày bắt đầu,Start Date,0
messages,Status,Trạng thái,Status,0
messages,Step,Bậc thang,Step,0
messages,Step information saved,Đã lưu thông tin bước,Step information saved,0
messages,Subject,Môn học,Subject,0
messages,Submit,Gửi đi,Submit,0
messages,System,Hệ thống,System,0
messages,There are no transitions yet.,Chưa có chuyển tiếp nào.,There are no transitions yet.,0
messages,"There is no active user with username or email address ""%username%"".","Không có người dùng hoạt động nào có tên người dùng hoặc địa chỉ email ""% username%"".","There is no active user with username or email address ""%username%"".",0
messages,This value should be a valid number.,Giá trị này phải là số hợp lệ.,This value should be a valid number.,0
messages,This value should be {{ limit }} or less.,Giá trị này phải là {{limit}} trở xuống.,This value should be {{ limit }} or less.,0
messages,This value should be {{ limit }} or more.,Giá trị này phải là {{limit}} trở lên.,This value should be {{ limit }} or more.,0
messages,Thread view,Xem chủ đề,Thread view,0
messages,To,Đến,To,0
messages,To step,Bước,To step,0
messages,Transition name,Tên chuyển đổi,Transition name,0
messages,Transitions,Chuyển tiếp,Transitions,0
messages,Unmet conditions,Điều kiện chưa được đáp ứng,Unmet conditions,0
messages,Update,Cập nhật,Update,0
messages,Update field,Cập nhật trường,Update field,0
messages,Update this step,Cập nhật bước này,Update this step,0
messages,Update this transition,Cập nhật quá trình chuyển đổi này,Update this transition,0
messages,User,Người dùng,User,0
messages,User account has expired.,Tài khoản người dùng đã hết hạn,User account has expired,0
messages,User account is disabled.,Tài khoản người dùng bị tắt,User account is disabled,0
messages,User account is locked.,Tài khoản người dùng bị khóa,User account is locked,0
messages,Username,Tên người dùng,Username,0
messages,Username or Email,Tên người dùng hoặc email,Username or Email,0
messages,VIEW,Lượt xem,View,0
messages,view %entityName%,Xem% entityName%,View %entityName%,0
messages,view %fieldName% not granted,Bạn không có quyền xem% fieldName%,You don't have permissions to view %fieldName%,0
messages,View address,Xem địa chỉ,View address,0
messages,View form,Xem biểu mẫu,View form,0
messages,View list of addresses,Xem danh sách địa chỉ,View list of addresses,0
messages,View more...,Xem thêm...,View more...,0
messages,Warning message,Tin nhắn cảnh báo,Warning message,0
messages,"Website ID: %websiteId%, Stores: %storesList%","ID trang web:% websiteId%, Cửa hàng:% storeList%","Website ID: %websiteId%, Stores: %storesList%",0
messages,Workflow activated,Đã kích hoạt quy trình làm việc,Workflow activated,0
messages,Workflow deactivated,Đã hủy kích hoạt luồng công việc,Workflow deactivated,0
messages,Workflow Name,Tên luồng công việc,Workflow Name,0
messages,Workflow steps and transitions,Các bước và quá trình chuyển đổi quy trình làm việc,Workflow steps and transitions,0
messages,Yes,Vâng,Yes,0
messages,yesterday,hôm qua,yesterday,0
messages,Your config changes will be applied to schema.,Thay đổi cấu hình của bạn sẽ được áp dụng cho giản đồ.,Your config changes will be applied to schema.,0
security,Account has expired.,Tài khoản đã hết hạn.,Account has expired.,0
security,Account is disabled.,Tài khoản bị vô hiệu hóa.,Account is disabled.,0
security,Account is locked.,Tài khoản bị khoá.,Account is locked.,0
security,An authentication exception occurred.,Đã xảy ra ngoại lệ xác thực.,An authentication exception occurred.,0
security,Authentication credentials could not be found.,Không thể tìm thấy thông tin đăng nhập xác thực.,Authentication credentials could not be found.,0
security,Authentication request could not be processed due to a system problem.,Không thể xử lý yêu cầu xác thực do sự cố hệ thống.,Authentication request could not be processed due to a system problem.,0
security,Cookie has already been used by someone else.,Cookie đã được người khác sử dụng.,Cookie has already been used by someone else.,0
security,Credentials have expired.,Thông tin đăng nhập đã hết hạn.,Credentials have expired.,0
security,Digest nonce has expired.,Digest nonce đã hết hạn.,Digest nonce has expired.,0
security,Given email domain is not allowed.,Không cho phép miền email được cung cấp.,Given email domain is not allowed.,0
security,Invalid credentials.,Sai username hoặc password.,Invalid user name or password.,0
security,Invalid CSRF token.,Mã thông báo CSRF không hợp lệ.,Invalid CSRF token.,0
security,No authentication provider found to support the authentication token.,Không tìm thấy nhà cung cấp xác thực để hỗ trợ mã thông báo xác thực.,No authentication provider found to support the authentication token.,0
security,"No session available, it either timed out or cookies are not enabled.","Không có phiên nào khả dụng, hết thời gian chờ hoặc cookie không được bật.","No session available, it either timed out or cookies are not enabled.",0
security,No token could be found.,Không tìm thấy mã thông báo nào.,No token could be found.,0
security,Not privileged to request the resource.,Không đặc quyền để yêu cầu tài nguyên.,Not privileged to request the resource.,0
security,oro.security.organization.access_denied,"Bạn đã mất quyền truy cập của mình vào tổ chức ""% organization_name%"". Xin vui lòng relogin.","You have lost your access to organization ""%organization_name%"". Please relogin.",0
security,Password has been changed.,Mật khẩu của bạn đã được quản trị viên cập nhật. Bạn sẽ nhận được một email với mật khẩu mới của bạn.,Your password was updated by administrator. You should have received an email with your new password.,0
security,Username could not be found.,Không thể tìm thấy tên người dùng.,Username could not be found.,0
security,You don't have active organization assigned.,Bạn không được chỉ định tổ chức hoạt động.,You don't have active organization assigned.,0
tooltips,oro.activity.contexts.tooltip,"Bối cảnh là bất kỳ bản ghi hoặc hồ sơ nào có mối liên hệ có ý nghĩa với một hoạt động. Khi bạn thêm ngữ cảnh của bản ghi vào hoạt động, nó sẽ được hiển thị trong danh sách Hoạt động của bản ghi đó.","Context is any record or records that have meaningful relation to an activity. When you add context of a record to the activity, it will be displayed in the Activity list of that record.",0
tooltips,oro.activity.entity_config.activity.entity.items.activities.tooltip,"Để có thể thêm bản ghi của thực thể này làm bối cảnh cho các hoạt động, hãy định cấu hình cho tìm kiếm. Nếu không, nó sẽ không xuất hiện trong các kết quả tự động hoàn chỉnh của bộ chọn ngữ cảnh.","To be able to add records of this entity as contexts for activities, configure it for search. Otherwise it won't appear in autocomplete results of the context selector.",0
tooltips,oro.user.system_configuration.fields.send_password_in_invitation_email.tooltip,Tùy chọn này xác định liệu mật khẩu có được gửi bằng văn bản thuần túy trong email lời mời hay không. Luôn luôn giữ nó vô hiệu hóa trong sản xuất.,This option defines whether or not the password is sent in a plain text in the invitation email. Always keep it disabled in production.,0
validators,A field with this name is already exist.,Một trường có tên này đã tồn tại.,A field with this name is already exist.,0
validators,A PHP extension caused the upload to fail.,Một phần mở rộng PHP khiến tải lên thất bại.,A PHP extension caused the upload to fail.,0
validators,Add entity before setting it as a source entity for {{ field }} field.,Thêm thực thể trước khi đặt nó làm thực thể nguồn cho trường {{field}}.,Add entity before setting it as a source entity for {{ field }} field.,0
validators,Add entity before setting it as master.,Thêm thực thể trước khi đặt nó làm chủ.,Add entity before setting it as master.,0
validators,An empty file is not allowed.,Không cho phép tệp trống.,An empty file is not allowed.,0
validators,An enum with this name already exist.,Một tùy chọn được đặt với tên này đã tồn tại.,An option set with this name already exist.,0
validators,Business Unit can't set self as Parent.,Đơn vị kinh doanh không thể tự đặt thành Cha mẹ.,Business Unit can't set self as Parent.,0
validators,Business Unit cannot have a child as a Parent Business Unit.,Đơn vị Kinh doanh không thể có con làm Đơn vị Kinh doanh dành cho Phụ huynh.,Business Unit cannot have a child as a Parent Business Unit.,0
validators,Calendar of calendar event exception can not be changed.,Lịch của ngoại lệ sự kiện lịch không thể thay đổi.,Calendar of calendar event exception can not be changed.,0
validators,Cannot write temporary file to disk.,Không thể ghi tệp tạm thời vào đĩa.,Cannot write temporary file to disk.,0
validators,Due date must be set for {{ field }},Ngày đến hạn phải được đặt cho {{field}},Due date must be set for {{ field }},0
validators,Due date must not be in the past,Ngày đến hạn không được trong quá khứ,Due date must not be in the past,0
validators,Error,lỗi,Error,0
validators,Invalid card number.,Số thẻ không hợp lệ.,Invalid card number.,0
validators,Merge entities should be unique.,Hợp nhất các thực thể phải là duy nhất.,Merge entities should be unique.,0
validators,Name and keys combination should be unique.,Sự kết hợp tên và khóa phải là duy nhất.,Name and keys combination should be unique.,0
validators,No file was uploaded.,Không có tệp nào được tải lên.,No file was uploaded.,0
validators,No temporary folder was configured in php.ini.,"Không có thư mục tạm thời nào được cấu hình trong php.ini, hoặc thư mục được cấu hình không tồn tại.","No temporary folder was configured in php.ini, or the configured folder does not exist.",0
validators,One of the items must be set as primary.,Một trong các mục phải được đặt làm chính.,One of the items must be set as primary.,0
validators,One or more of the given values is invalid.,Một hoặc nhiều giá trị đã cho không hợp lệ.,One or more of the given values is invalid.,0
validators,One or more of the given values is not one of the values: {{ allowed_values }}.,Một hoặc nhiều giá trị đã cho không phải là một trong các giá trị: {{allowed_values}}.,One or more of the given values is not one of the values: {{ allowed_values }}.,0
validators,oro.address.validation.invalid_country_region,Vùng {{region}} không thuộc quốc gia {{country}},Region {{ region }} does not belong to country {{ country }},0
validators,oro.address.validation.invalid_first_name_field,Tên và Họ hoặc Tổ chức không được để trống.,First Name and Last Name or Organization should not be blank.,0
validators,oro.address.validation.invalid_last_name_field,Họ và Tên hoặc Tổ chức không được để trống.,Last Name and First Name or Organization should not be blank.,0
validators,oro.address.validation.invalid_organization_field,Tổ chức hoặc Tên và Họ không được để trống.,Organization or First Name and Last Name should not be blank.,0
validators,oro.analytics.validator.categories.blank,Giá trị không được để trống,Values should not be blank,0
validators,oro.analytics.validator.categories.count,Yêu cầu% số% tối thiểu,Minimum %count% required,0
validators,oro.analytics.validator.categories.order,Giá trị phải theo thứ tự% order%,Values should be in %order% order,0
validators,oro.api.form.extra_fields,"Biểu mẫu này không được chứa các trường thừa: ""{{extra_fields}}""","This form should not contain extra fields: ""{{ extra_fields }}""",0
validators,oro.api.form.no_access,"Quyền ""{{permission}}"" bị từ chối đối với tài nguyên có liên quan.","The ""{{ permission }}"" permission is denied for the related resource.",0
validators,oro.api.form.no_adder_and_remover,"Lớp ""{{class}}"" phải có cả phương thức ""{{adder}}"" và ""{{remover}}"".","The ""{{ class }}"" class should have both ""{{ adder }}"" and ""{{ remover }}"" methods.",0
validators,oro.api.form.no_adder_and_remover_multiple,"Lớp ""{{class}}"" nên có bất kỳ cặp phương thức nào sau đây:% s.","The ""{{ class }}"" class should have any of the following method pairs: %s.",0
validators,oro.call.phone.required.message,Điện thoại là trường bắt buộc,Phone is required field,0
validators,oro.channel.form.customer_identity_selected_not_correctly.label,Danh tính khách hàng được chọn không chính xác,Customer identity selected not correctly,0
validators,oro.channel.form.integration_invalid.label,Tích hợp là bắt buộc đối với loại kênh đã chọn,Integration is required for chosen channel type,0
validators,oro.contact.validators.addresses.contains_primary,Một trong các địa chỉ phải được đặt làm địa chỉ chính.,One of the addresses must be set as primary.,0
validators,oro.contact.validators.contact.has_information,"Ít nhất một trong các trường Tên, Họ, Email hoặc Điện thoại phải được xác định.","At least one of the fields First name, Last name, Emails or Phones must be defined.",0
validators,oro.contact.validators.emails.contains_primary,Một trong các email phải được đặt là chính.,One of the emails must be set as primary.,0
validators,oro.contact.validators.emails.delete.more_one,"Địa chỉ email không bị xóa, địa chỉ liên hệ có nhiều địa chỉ email, không thể đặt địa chỉ chính mới.","Email address was not deleted, the contact has more than one email addresses, can't set the new primary.",0
validators,oro.contact.validators.phones.contains_primary,Một trong các điện thoại phải được đặt làm chính.,One of the phones must be set as primary.,0
validators,oro.contact.validators.phones.delete.more_one,"Số điện thoại không bị xóa, người liên hệ có nhiều số điện thoại, không thể đặt số điện thoại chính mới.","Phone number was not deleted, the contact has more than one phone number, can't set the new primary.",0
validators,oro.cron.validators.schedule_intervals_overlap.message,Khoảng thời gian biểu không được trùng lặp,Schedule intervals should not overlap,0
validators,oro.currency.price.value.blank,Giá trị giá không được để trống.,Price value should not be blank.,0
validators,oro.datagrid.gridview.notBlank,Không nên bỏ qua cái giá trị này.,This value should not be blank.,0
validators,oro.datagrid.gridview.unique,Tên này đã tồn tại.,This name already exists.,0
validators,oro.dotmailer.validators.address_book.unique_entity.message,"Tích hợp đã sao chép sổ địa chỉ. Trường ""Tên"" phải là duy nhất.","Integration has duplication of address books. Field ""Name"" should be unique.",0
validators,oro.entity.entity_field_fallback_value.invalid,Giá trị đã chọn không hợp lệ.,The selected value is not valid.,0
validators,oro.entity_config.validator.attribute_family.default_group_is_not_exist,Thuộc tính Gia đình phải chứa một nhóm mặc định.,Attribute Family should contain a default group.,0
validators,oro.entity_config.validator.attribute_family.duplicate_attributes,Thuộc tính Gia đình không được chứa cùng thuộc tính.,Attribute Family should not contain same attributes.,0
validators,oro.entity_config.validator.attribute_family.empty_groups,Thuộc tính Gia đình phải chứa ít nhất một nhóm.,Attribute Family should contain at least one group.,0
validators,oro.entity_config.validator.attribute_family.labels.blank,Nhãn được để trống,Labels are blank,0
validators,oro.entity_config.validator.attribute_family.many_default_groups,Thuộc tính Gia đình chỉ nên chứa một nhóm mặc định.,Attribute Family should contain only one default group.,0
validators,oro.entity_config.validator.attribute_family.missing_system_attributes,Thuộc tính Gia đình nên chứa tất cả các thuộc tính hệ thống.,Attribute Family should contain all system attributes.,0
validators,oro.entity_config.validator.attribute_family.same_labels,Một số nhóm không thể có cùng nhãn mặc định,Several groups can not have same default label,0
validators,oro.entity_extend.change_type_not_allowed.message,Không được phép thay đổi loại trường hiện tại {{field}}.,Changing type of existing field {{ field }} is not allowed.,0
validators,oro.entity_extend.enum.options_error.message,Tùy chọn enum không hợp lệ được cung cấp,Invalid enum options provided,0
validators,oro.form.datetime.invalid,Giá trị này không phải là ngày giờ hợp lệ.,This value is not a valid datetime.,0
validators,oro.form.datetime.max,Giá trị không được muộn hơn {{limit}}.,The value have to not be later than {{ limit }}.,0
validators,oro.form.datetime.min,Giá trị phải không sớm hơn {{limit}}.,The value have to not be earlier than {{ limit }}.,0
validators,oro.form.extra_fields,"Biểu mẫu này không được chứa các trường thừa: ""{{extra_fields}}""","This form should not contain extra fields: ""{{ extra_fields }}""",0
validators,oro.form.number.exect,"] -Inf, Inf [Giá trị phải bằng {{limit}}.","]-Inf,Inf[The value have to be equal {{ limit }}.",0
validators,oro.form.number.max,"] -Inf, Inf [Giá trị không được lớn hơn {{limit}}.","]-Inf,Inf[The value have not to be more than {{ limit }}.",0
validators,oro.form.number.min,"] -Inf, Inf [Giá trị không được nhỏ hơn {{limit}}.","]-Inf,Inf[The value have not to be less than {{ limit }}.",0
validators,oro.form.number.nan,Vui lòng nhập một số hợp lệ.,Please enter a valid number.,0
validators,oro.imap.validator.configuration.folders_are_not_selected,Phải chọn ít nhất một thư mục hộp thư.,At least one folder of mailbox is required to be selected.,0
validators,oro.locale.localization.parent.circular_reference,Đã tìm thấy tham chiếu thông tư.,Circular Reference Found.,0
validators,oro.locale.localization.titles.blank,Tiêu đề bản địa hóa không được để trống.,Localization Title should not be blank.,0
validators,oro.locale.validators.is_not_enabled,"Không thể sử dụng bản địa hóa '% localization%' làm Mặc định, vì không được bật","Localization '%localization%' cannot be used as Default, because not enabled",0
validators,oro.locale.validators.unknown_localization,"Không tìm thấy bản địa hóa ""#% localization_id%""","Localization ""#%localization_id%"" not found",0
validators,oro.magento.invalid_email_address.message,{{Value}} này không phải là địa chỉ email hợp lệ.,This {{ value }} is not a valid email address.,0
validators,oro.magento.start_sync_date.message,Ngày mới phải nhỏ hơn hoặc bằng so với trước đây được xác định.,New date should be less or equals than previously defined.,0
validators,oro.magento.unique_customer_email.message,"Địa chỉ email này đã được sử dụng. Xin vui lòng, cung cấp một số khác.","This email address already in use. Please, provide another one.",0
validators,oro.magento.unique_customer_email.transport_message,Không thể giao tiếp với cá thể Magento. Vui lòng kiểm tra cài đặt tích hợp.,Unable to communicate with the Magento instance. Please check integration settings.,0
validators,oro.magento.unique_wsdl_url_and_website_ids.message,Tích hợp với URL và (các) trang web này đã được sử dụng.,Integration with this URL and website(s) is already used.,0
validators,oro.mailchimp.unique_static_segment_name.message,Tên Phân đoạn tĩnh MailChimp phải là duy nhất cho Danh sách người đăng ký MailChimp,MailChimp Static Segment name must be unique for MailChimp Subscribers List,0
validators,oro.marketinglist.contact_information_required,Ít nhất một cột phải chứa thông tin liên hệ,At least one column must contain contact information,0
validators,oro.marketinglist.contact_information_type,Ít nhất một cột phải chứa thông tin liên hệ của loại% type%,At least one column must contain contact information of type %type%,0
validators,oro.marketinglist.dublicate.columns,Bạn đang cố gắng thêm một số bản sao của cột (s)% columnName% vào Danh sách Tiếp thị. Chỉ có thể thêm một bản sao của cột. Vui lòng xem lại danh sách các cột để xóa các bản sao.,"You are trying to add several copies of column(s) %columnName% to the Marketing List. Only one copy of the column may be added. Please, review the list of columns to remove duplicates.",0
validators,oro.notification.validators.recipient_list.empty.message,Phải chỉ định ít nhất một Người nhận.,At least one Recipient must be specified.,0
validators,oro.query_designer.condition_builder.condition_item.not_blank,Điều kiện này không được để trống.,This condition should not be blank.,0
validators,oro.query_designer.condition_builder.conditions_group.not_blank,Nhóm này không được để trống.,This group should not be blank.,0
validators,oro.query_designer.condition_builder.filters.not_blank,Bộ lọc không được để trống.,Filters should not be blank.,0
validators,oro.query_designer.not_accessible_class,Không thể truy cập lớp '% className%',Class '%className%' is not accessible,0
validators,oro.query_designer.not_accessible_class_column,Không thể truy cập vào cột '% columnName%' của '% className%',Column '%columnName%' of '%className%' is not accessible,0
validators,oro.report.date_grouping.date_field.mandatory,Vui lòng chọn trường có thể áp dụng bộ lọc nhóm ngày,Please select a field on which date grouping filter can be applied,0
validators,oro.report.date_grouping.group_by_mandatory,"Bộ lọc nhóm ngày yêu cầu định cấu hình cột nhóm. Vui lòng chọn một cột duy nhất (ví dụ: id) từ thực thể chính trong phần ""Nhóm""","The date grouping filter requires configuring a grouping column. Please select a unique column (ex. id) from the main entity in the ""Grouping"" section",0
validators,oro.report.definition.columns.mandatory,Bạn phải chỉ định ít nhất một cột cho lưới báo cáo,You must specify at least one column for the report grid,0
validators,oro.report.duplicate.columns,Bạn đang cố gắng thêm một số bản sao của cột (s)% columnName% vào báo cáo. Chỉ có thể thêm một bản sao của cột. Vui lòng xem lại danh sách các cột để xóa các bản sao.,"You are trying to add several copies of column(s) %columnName% to the report. Only one copy of the column may be added. Please, review the list of columns to remove duplicates.",0
validators,oro.security.permission.constraints.name_contains_illegal_characters,"Tên ""thuộc tính"" chứa các ký tự không hợp lệ. Giá trị hợp lệ phải bắt đầu bằng một chữ cái và chỉ chứa các chữ cái, '' số, dấu gạch dưới (""_""), dấu gạch nối (""-"") và dấu hai chấm ("":""). '","'The property ""name"" contains illegal characters. The valid value should start with a letter and only contain letters, ' 'numbers, underscores (""_""), hyphens (""-"") and colons ("":"").'",0
validators,oro.segment.validation.sorting,Vui lòng chỉ định sắp xếp cho ít nhất một cột.,Please specify sorting for at least one column.,0
validators,oro.user.message.invalid_password.lower_case,Mật khẩu phải bao gồm một chữ thường,The password must include a lower case letter,0
validators,oro.user.message.invalid_password.lower_case_numbers,Mật khẩu phải bao gồm chữ thường và số,The password must include a lower case letter and a number,0
validators,oro.user.message.invalid_password.lower_case_numbers_special_chars,"Mật khẩu phải bao gồm chữ thường, số và ký tự đặc biệt","The password must include a lower case letter, a number and a special character",0
validators,oro.user.message.invalid_password.lower_case_special_chars,Mật khẩu phải bao gồm chữ cái viết thường và ký tự đặc biệt,The password must include a lower case letter and a special character,0
validators,oro.user.message.invalid_password.lower_case_upper_case,Mật khẩu phải bao gồm chữ cái viết thường và chữ cái viết hoa,The password must include a lower case letter and an upper case letter,0
validators,oro.user.message.invalid_password.lower_case_upper_case_numbers,"Mật khẩu phải bao gồm chữ cái viết thường, chữ cái viết hoa và số","The password must include a lower case letter, an upper case letter and a number",0
validators,oro.user.message.invalid_password.lower_case_upper_case_numbers_special_chars,"Mật khẩu phải bao gồm chữ cái viết thường, chữ cái viết hoa, số và ký tự đặc biệt","The password must include a lower case letter, an upper case letter, a number, and a special character",0
validators,oro.user.message.invalid_password.lower_case_upper_case_special_chars,"Mật khẩu phải bao gồm chữ cái viết thường, chữ cái viết hoa và ký tự đặc biệt","The password must include a lower case letter, an upper case letter and a special character",0
validators,oro.user.message.invalid_password.min_length,Mật khẩu phải dài ít nhất {{length}} ký tự,The password must be at least {{ length }} characters long,0
validators,oro.user.message.invalid_password.min_length_lower_case,Mật khẩu phải dài ít nhất {{length}} ký tự và bao gồm một chữ thường,The password must be at least {{ length }} characters long and include a lower case letter,0
validators,oro.user.message.invalid_password.min_length_lower_case_numbers,Mật khẩu phải dài ít nhất {{length}} ký tự và bao gồm chữ thường và số,The password must be at least {{ length }} characters long and include a lower case letter and a number,0
validators,oro.user.message.invalid_password.min_length_lower_case_numbers_special_chars,"Mật khẩu phải dài ít nhất {{length}} ký tự và bao gồm ký tự viết thường, số và ký tự đặc biệt","The password must be at least {{ length }} characters long and include a lower case letter, a number, and a special character",0
validators,oro.user.message.invalid_password.min_length_lower_case_special_chars,Mật khẩu phải dài ít nhất {{length}} ký tự và bao gồm ký tự viết thường và ký tự đặc biệt,The password must be at least {{ length }} characters long and include a lower case letter and a special character,0
validators,oro.user.message.invalid_password.min_length_lower_case_upper_case,Mật khẩu phải dài ít nhất {{length}} ký tự và bao gồm chữ cái viết thường và chữ hoa viết thường,The password must be at least {{ length }} characters long and include a lower case letter and an upper case letter,0
validators,oro.user.message.invalid_password.min_length_lower_case_upper_case_numbers,"Mật khẩu phải dài ít nhất {{length}} ký tự và bao gồm chữ cái viết thường, chữ hoa và chữ số","The password must be at least {{ length }} characters long and include a lower case letter, an upper case letter, and a number",0
validators,oro.user.message.invalid_password.min_length_lower_case_upper_case_numbers_special_chars,"Mật khẩu phải dài ít nhất {{length}} ký tự và bao gồm chữ cái viết thường, chữ cái viết hoa, số và ký tự đặc biệt","The password must be at least {{ length }} characters long and include a lower case letter, an upper case letter, a number, and a special character",0
validators,oro.user.message.invalid_password.min_length_lower_case_upper_case_special_chars,"Mật khẩu phải dài ít nhất {{length}} ký tự và bao gồm chữ cái viết thường, chữ cái viết hoa và ký tự đặc biệt","The password must be at least {{ length }} characters long and include a lower case letter, an upper case letter, and a special character",0
validators,oro.user.message.invalid_password.min_length_numbers,Mật khẩu phải dài ít nhất {{length}} ký tự và bao gồm một số,The password must be at least {{ length }} characters long and include a number,0
validators,oro.user.message.invalid_password.min_length_numbers_special_chars,Mật khẩu phải dài ít nhất {{length}} ký tự và bao gồm số và ký tự đặc biệt,The password must be at least {{ length }} characters long and include a number and a special character,0
validators,oro.user.message.invalid_password.min_length_special_chars,Mật khẩu phải dài ít nhất {{length}} ký tự và bao gồm ký tự đặc biệt,The password must be at least {{ length }} characters long and include a special character,0
validators,oro.user.message.invalid_password.min_length_upper_case,Mật khẩu phải dài ít nhất {{length}} ký tự và bao gồm một chữ cái viết hoa,The password must be at least {{ length }} characters long and include an upper case letter,0
validators,oro.user.message.invalid_password.min_length_upper_case_numbers,Mật khẩu phải dài ít nhất {{length}} ký tự và bao gồm chữ cái viết hoa và số,The password must be at least {{ length }} characters long and include an upper case letter and a number,0
validators,oro.user.message.invalid_password.min_length_upper_case_numbers_special_chars,"Mật khẩu phải dài ít nhất {{length}} ký tự và bao gồm chữ cái viết hoa, số và ký tự đặc biệt","The password must be at least {{ length }} characters long and include an upper case letter, a number, and a special character",0
validators,oro.user.message.invalid_password.min_length_upper_case_special_chars,Mật khẩu phải dài ít nhất {{length}} ký tự và bao gồm chữ cái viết hoa và ký tự đặc biệt,The password must be at least {{ length }} characters long and include an upper case letter and a special character,0
validators,oro.user.message.invalid_password.numbers,Mật khẩu phải bao gồm một số,The password must include a number,0
validators,oro.user.message.invalid_password.numbers_special_chars,Mật khẩu phải bao gồm một số và một ký tự đặc biệt,The password must include a number and a special character,0
validators,oro.user.message.invalid_password.special_chars,Mật khẩu phải bao gồm một ký tự đặc biệt,The password must include a special character,0
validators,oro.user.message.invalid_password.upper_case,Mật khẩu phải bao gồm một chữ hoa,The password must include an upper case letter,0
validators,oro.user.message.invalid_password.upper_case_numbers,Mật khẩu phải bao gồm chữ cái viết hoa và số,The password must include an upper case letter and a number,0
validators,oro.user.message.invalid_password.upper_case_numbers_special_chars,"Mật khẩu phải bao gồm chữ cái viết hoa, số và ký tự đặc biệt","The password must include an upper case letter, a number and a special character",0
validators,oro.user.message.invalid_password.upper_case_special_chars,Mật khẩu phải bao gồm chữ cái viết hoa và ký tự đặc biệt,The password must include an upper case letter and a special character,0
validators,oro.user.message.invalid_username,Email này đã được một người dùng khác đăng ký. Vui lòng cung cấp địa chỉ email duy nhất.,This email is already registered by another user. Please provide unique email address.,0
validators,oro.user.message.password_mismatch,Mật khẩu phải khớp.,The passwords must match.,0
validators,oro.user.message.user_without_role,Bạn không thể xóa vai trò cuối cùng khỏi {{userName}},You cannot remove last role from {{ userName }},0
validators,oro.workflow.validator.entity.message.update,Không thể chỉnh sửa thực thể do giới hạn quy trình làm việc.,Entity could not be edited because of workflow restrictions.,0
validators,oro.workflow.validator.field.message.create,Không thể tạo thực thể với giá trị này vì các hạn chế quy trình làm việc.,Could not create entity with this value because of workflow restrictions.,0
validators,oro.workflow.validator.field.message.update,Không thể chỉnh sửa trường vì các hạn chế quy trình làm việc.,Field could not be edited because of workflow restrictions.,0
validators,Parameter 'recurringEventId' can be set only for recurring calendar events.,Tham số 'recurringEventId' chỉ có thể được đặt cho các sự kiện lịch định kỳ.,Parameter 'recurringEventId' can be set only for recurring calendar events.,0
validators,Parameter 'recurringEventId' can't have the same value as calendar event ID.,Tham số 'recurringEventId' không thể có cùng giá trị với ID sự kiện lịch.,Parameter 'recurringEventId' can't have the same value as calendar event ID.,0
validators,Recipient can not be empty,Người nhận không được để trống,Recipient can not be empty,0
validators,Segment name already in use,Tên phân đoạn đã được sử dụng,Segment name already in use,0
validators,Several addresses have the same type {{ types }}.,Một số địa chỉ có cùng loại {{types}}.,Several addresses have the same type {{ types }}.,0
validators,State is required for country {{ country }},Tiểu bang là bắt buộc đối với quốc gia {{country}},State is required for country {{ country }},0
validators,The '{{ value }}' cannot be used as a code value.,Không thể sử dụng '{{value}}' làm giá trị mã.,The '{{ value }}' cannot be used as a code value.,0
validators,The '{{ value }}' cannot be used as a field name.,Không thể sử dụng '{{value}}' làm tên trường.,The '{{ value }}' cannot be used as a field name.,0
validators,The '{{ value }}' word is reserved for system purposes.,Từ '{{value}}' được dành riêng cho mục đích hệ thống.,The '{{ value }}' word is reserved for system purposes.,0
validators,The CSRF token is invalid. Please try to resubmit the form.,Mã thông báo CSRF không hợp lệ. Vui lòng thử gửi lại biểu mẫu.,The CSRF token is invalid. Please try to resubmit the form.,0
validators,The entity was not found.,Không tìm thấy thực thể.,The entity was not found.,0
validators,The field can't be set to 'Yes' when target entity isn't extended,Không thể đặt trường thành 'Có' khi thực thể mục tiêu không được mở rộng.,The field can't be set to 'Yes' when target entity isn't extended.,0
validators,The field name must be '{{ field }}'.,Tên trường phải là '{{field}}'.,The field name must be '{{ field }}'.,0
validators,The file could not be found.,Không thể tìm thấy tệp.,The file could not be found.,0
validators,The file could not be uploaded.,Không thể tải lên tệp.,The file could not be uploaded.,0
validators,The file is not readable.,Tệp không thể đọc được.,The file is not readable.,0
validators,The file is too large ({{ size }} {{ suffix }}). Allowed maximum size is {{ limit }} {{ suffix }}.,Tệp quá lớn ({{size}} {{suffix}}). Kích thước tối đa cho phép là {{limit}} {{suffix}}.,The file is too large ({{ size }} {{ suffix }}). Allowed maximum size is {{ limit }} {{ suffix }}.,0
validators,The file is too large.,Tệp quá lớn.,The file is too large.,0
validators,The file is too large. Allowed maximum size is {{ limit }} {{ suffix }}.,Tệp quá lớn. Kích thước tối đa cho phép là {{limit}} {{suffix}}.,The file is too large. Allowed maximum size is {{ limit }} {{ suffix }}.,0
validators,The file was only partially uploaded.,Tệp chỉ được tải lên một phần.,The file was only partially uploaded.,0
validators,The given value {{ value }} cannot be set as {{ owner }} for given entity for security reason.,Giá trị đã cho {{value}} không thể được đặt là {{owner}} cho thực thể đã cho vì lý do bảo mật.,The given value {{ value }} cannot be set as {{ owner }} for given entity for security reason.,0
validators,The host could not be resolved.,Máy chủ không thể được giải quyết.,The host could not be resolved.,0
validators,The image height is too big ({{ height }}px). Allowed maximum height is {{ max_height }}px.,Chiều cao hình ảnh quá lớn ({{height}} px). Chiều cao tối đa cho phép là {{max_height}} px.,The image height is too big ({{ height }}px). Allowed maximum height is {{ max_height }}px.,0
validators,The image height is too small ({{ height }}px). Minimum height expected is {{ min_height }}px.,Chiều cao hình ảnh quá nhỏ ({{height}} px). Chiều cao tối thiểu dự kiến ​​là {{min_height}} px.,The image height is too small ({{ height }}px). Minimum height expected is {{ min_height }}px.,0
validators,The image is landscape oriented ({{ width }}x{{ height }}px). Landscape oriented images are not allowed.,Hình ảnh được định hướng theo chiều ngang ({{width}} x {{height}} px). Không cho phép các hình ảnh theo chiều ngang.,The image is landscape oriented ({{ width }}x{{ height }}px). Landscape oriented images are not allowed.,0
validators,The image is portrait oriented ({{ width }}x{{ height }}px). Portrait oriented images are not allowed.,Hình ảnh được định hướng theo chiều dọc ({{width}} x {{height}} px). Không cho phép hình ảnh theo chiều dọc.,The image is portrait oriented ({{ width }}x{{ height }}px). Portrait oriented images are not allowed.,0
validators,The image is square ({{ width }}x{{ height }}px). Square images are not allowed.,Hình ảnh là hình vuông ({{width}} x {{height}} px). Hình ảnh vuông không được phép.,The image is square ({{ width }}x{{ height }}px). Square images are not allowed.,0
validators,The image ratio is too big ({{ ratio }}). Allowed maximum ratio is {{ max_ratio }}.,Tỷ lệ hình ảnh quá lớn ({{ratio}}). Tỷ lệ tối đa cho phép là {{max_ratio}}.,The image ratio is too big ({{ ratio }}). Allowed maximum ratio is {{ max_ratio }}.,0
validators,The image ratio is too small ({{ ratio }}). Minimum ratio expected is {{ min_ratio }}.,Tỷ lệ hình ảnh quá nhỏ ({{ratio}}). Tỷ lệ tối thiểu dự kiến ​​là {{min_ratio}}.,The image ratio is too small ({{ ratio }}). Minimum ratio expected is {{ min_ratio }}.,0
validators,The image width is too big ({{ width }}px). Allowed maximum width is {{ max_width }}px.,Chiều rộng hình ảnh quá lớn ({{width}} px). Chiều rộng tối đa cho phép là {{max_width}} px.,The image width is too big ({{ width }}px). Allowed maximum width is {{ max_width }}px.,0
validators,The image width is too small ({{ width }}px). Minimum width expected is {{ min_width }}px.,Chiều rộng hình ảnh quá nhỏ ({{width}} px). Chiều rộng tối thiểu dự kiến ​​là {{min_width}} px.,The image width is too small ({{ width }}px). Minimum width expected is {{ min_width }}px.,0
validators,The mime type of the file is invalid ({{ type }}). Allowed mime types are {{ types }}.,Loại mime của tệp không hợp lệ ({{type}}). Các loại mime được phép là {{types}}.,The mime type of the file is invalid ({{ type }}). Allowed mime types are {{ types }}.,0
validators,The password fields must match.,Các trường mật khẩu phải khớp nhau.,The password fields must match.,0
validators,The size of the image could not be detected.,Không thể phát hiện kích thước của hình ảnh.,The size of the image could not be detected.,0
validators,The template for {{ field }} ({{ locale }}) has syntax error: {{ error }},Mẫu cho {{field}} ({{locale}}) có lỗi cú pháp: {{error}},The template for {{ field }} ({{ locale }}) has syntax error: {{ error }},0
validators,The two values should be equal.,Hai giá trị phải bằng nhau.,The two values should be equal.,0
validators,The uploaded file was too large. Please try to upload a smaller file.,Tệp đã tải lên quá lớn. Vui lòng thử tải lên tệp nhỏ hơn.,The uploaded file was too large. Please try to upload a smaller file.,0
validators,The value you selected is not a valid choice.,Giá trị bạn đã chọn không phải là lựa chọn hợp lệ.,The value you selected is not a valid choice.,0
validators,This collection should contain exactly {{ limit }} element.|This collection should contain exactly {{ limit }} elements.,Bộ sưu tập này nên chứa chính xác phần tử {{limit}}. Bộ sưu tập này phải chứa chính xác {{limit}} phần tử.,This collection should contain exactly {{ limit }} element.|This collection should contain exactly {{ limit }} elements.,0
validators,This collection should contain {{ limit }} element or less.|This collection should contain {{ limit }} elements or less.,Bộ sưu tập này phải chứa phần tử {{limit}} trở xuống. Bộ sưu tập này phải chứa {{limit}} phần tử hoặc ít hơn.,This collection should contain {{ limit }} element or less.|This collection should contain {{ limit }} elements or less.,0
validators,This collection should contain {{ limit }} element or more.|This collection should contain {{ limit }} elements or more.,Bộ sưu tập này phải chứa phần tử {{limit}} trở lên. Bộ sưu tập này phải chứa {{limit}} phần tử trở lên.,This collection should contain {{ limit }} element or more.|This collection should contain {{ limit }} elements or more.,0
validators,This date can't be earlier than {{ field }} date.,Ngày này không thể sớm hơn ngày {{field}}.,This date can't be earlier than {{ field }} date.,0
validators,This date should be earlier than End date,Ngày này phải sớm hơn Ngày kết thúc,This date should be earlier than End date,0
validators,This field is missing.,Trường này bị thiếu.,This field is missing.,0
validators,This field name is duplicated snapshot of multi-select.,Tên này đã được sử dụng bởi '{{field}}' trường Multi-Select để lưu trữ giá trị 'snapshot'.,This name is already used by '{{ field }}' Multi-Select field to store 'snapshot' value.,0
validators,This field was not expected.,Trường này không được mong đợi.,This field was not expected.,0
validators,This file is not a valid image.,Tệp này không phải là hình ảnh hợp lệ.,This file is not a valid image.,0
validators,This form should not contain extra fields.,Biểu mẫu này không được chứa các trường bổ sung.,This form should not contain extra fields.,0
validators,This is not a valid Business Identifier Code (BIC).,Đây không phải là Mã nhận dạng doanh nghiệp hợp lệ (BIC).,This is not a valid Business Identifier Code (BIC).,0
validators,This is not a valid International Bank Account Number (IBAN).,Đây không phải là Số Tài khoản Ngân hàng Quốc tế hợp lệ (IBAN).,This is not a valid International Bank Account Number (IBAN).,0
validators,This is not a valid IP address.,Đây không phải là địa chỉ IP hợp lệ.,This is not a valid IP address.,0
validators,This is not a valid UUID.,Đây không phải là UUID hợp lệ.,This is not a valid UUID.,0
validators,This multi-select name is duplicated a field.,Không thể sử dụng tên này cho trường Multi-Select vì trường được tạo tự động được sử dụng để lưu trữ các giá trị 'snapshot' xung đột với trường '{{field}}' hiện tại.,This name cannot be used for Multi-Select field because an autogenerated field is used to store 'snapshot' value conflicts with existing '{{ field }}' field.,0
validators,This name conflicts with existing '{{ field }}' field.,Tên này xung đột với trường '{{field}}' hiện tại.,This name conflicts with existing '{{ field }}' field.,0
validators,This name is duplicated default field of relation.,Tên này đã được sử dụng bởi mối quan hệ '{{field}}' để lưu trữ giá trị mặc định.,This name is already used by '{{ field }}' relation to store default value.,0
validators,This name is reserved to store values of serialized fields.,Tên này được dành riêng để lưu trữ các giá trị của các trường được tuần tự hóa.,This name is reserved to store values of serialized fields.,0
validators,This relation name is duplicated a field.,Tên này không thể được sử dụng cho một mối quan hệ vì một trường tự tạo được sử dụng để lưu trữ giá trị mặc định mâu thuẫn với trường '{{field}}' hiện tại.,This name cannot be used for a relation because an autogenerated field is used to store default value conflicts with existing '{{ field }}' field.,0
validators,This value cannot be in the future.,Giá trị này không thể trong tương lai.,This value cannot be in the future.,0
validators,This value contains not valid email address.,Giá trị này không chứa địa chỉ email hợp lệ.,This value contains not valid email address.,0
validators,This value does not match the expected {{ charset }} charset.,Giá trị này không khớp với bộ ký tự {{charset}} được mong đợi.,This value does not match the expected {{ charset }} charset.,0
validators,This value is already used.,Giá trị này đã được sử dụng.,This value is already used.,0
validators,This value is neither a valid ISBN-10 nor a valid ISBN-13.,Giá trị này không phải là ISBN-10 hợp lệ cũng như ISBN-13 hợp lệ.,This value is neither a valid ISBN-10 nor a valid ISBN-13.,0
validators,This value is not a valid country.,Giá trị này không phải là quốc gia hợp lệ.,This value is not a valid country.,0
validators,This value is not a valid currency.,Giá trị này không phải là một loại tiền tệ hợp lệ.,This value is not a valid currency.,0
validators,This value is not a valid date.,Giá trị này không phải là ngày hợp lệ.,This value is not a valid date.,0
validators,This value is not a valid datetime.,Giá trị này không phải là ngày giờ hợp lệ.,This value is not a valid datetime.,0
validators,This value is not a valid email address.,Giá trị này không phải là địa chỉ email hợp lệ.,This value is not a valid email address.,0
validators,This value is not a valid ISBN-10.,Giá trị này không phải là ISBN-10 hợp lệ.,This value is not a valid ISBN-10.,0
validators,This value is not a valid ISBN-13.,Giá trị này không phải là ISBN-13 hợp lệ.,This value is not a valid ISBN-13.,0
validators,This value is not a valid ISSN.,Giá trị này không phải là ISSN hợp lệ.,This value is not a valid ISSN.,0
validators,This value is not a valid language.,Giá trị này không phải là một ngôn ngữ hợp lệ.,This value is not a valid language.,0
validators,This value is not a valid locale.,Giá trị này không phải là ngôn ngữ hợp lệ.,This value is not a valid locale.,0
validators,This value is not a valid time.,Giá trị này không phải là thời gian hợp lệ.,This value is not a valid time.,0
validators,This value is not a valid URL.,Giá trị này không phải là URL hợp lệ.,This value is not a valid URL.,0
validators,This value is not valid.,Giá trị này không hợp lệ.,This value is not valid.,0
validators,This value is too long. It should have {{ limit }} character or less.|This value is too long. It should have {{ limit }} characters or less.,Giá trị này quá dài. Nó phải có {{limit}} ký tự trở xuống. Giá trị này quá dài. Nó phải có {{limit}} ký tự trở xuống.,This value is too long. It should have {{ limit }} character or less.|This value is too long. It should have {{ limit }} characters or less.,0
validators,This value is too short. It should have {{ limit }} character or more.|This value is too short. It should have {{ limit }} characters or more.,Giá trị này quá ngắn. Nó phải có {{limit}} ký tự trở lên. Giá trị này quá ngắn. Nó phải có {{limit}} ký tự trở lên.,This value is too short. It should have {{ limit }} character or more.|This value is too short. It should have {{ limit }} characters or more.,0
validators,This value should be a multiple of {{ multiple_of_value }}.,Giá trị này phải là bội số của {{multiple_of_value}}.,This value should be a multiple of {{ multiple_of_value }}.,0
validators,This value should be a valid number.,Giá trị này phải là số hợp lệ.,This value should be a valid number.,0
validators,This value should be blank.,Giá trị này phải để trống.,This value should be blank.,0
validators,This value should be entity class or alias.,Giá trị này phải là lớp hoặc bí danh của thực thể.,This value should be entity class or alias.,0
validators,This value should be equal to {{ compared_value }}.,Giá trị này phải bằng {{compare_value}}.,This value should be equal to {{ compared_value }}.,0
validators,This value should be false.,Giá trị này phải là sai.,This value should be false.,0
validators,This value should be greater than or equal to {{ compared_value }}.,Giá trị này phải lớn hơn hoặc bằng {{compare_value}}.,This value should be greater than or equal to {{ compared_value }}.,0
validators,This value should be greater than {{ compared_value }}.,Giá trị này phải lớn hơn {{compare_value}}.,This value should be greater than {{ compared_value }}.,0
